DogName, Count
BELLA,110
BUDDY,83
MAX,81
SADIE,80
LUCY,74
BAILEY,67
DAISY,64
LUNA,63
CHARLIE,60
MAGGIE,57
MOLLY,56
COOPER,54
GINGER,49
JACK,49
WILLOW,49
ABBY,47
BEAR,46
LILY,45
DUKE,44
KODA,44
ROCKY,44
CHLOE,39
KENAI,39
HARLEY,38
DENALI,37
TOBY,36
JAKE,35
LOKI,35
RUBY,34
ROXY,33
LUCKY,32
PENNY,32
RILEY,32
SHADOW,32
SOPHIE,32
LOLA,31
ROSIE,31
PEPPER,30
COCO,29
GUS,28
LADY,28
BANDIT,26
GRACIE,26
JASPER,26
PIPER,26
STELLA,25
YUKON,25
ZOEY,25
ANNIE,24
BUSTER,24
SAM,24
MARLEY,23
SCOUT,23
BENTLEY,22
DIESEL,22
KONA,22
RUGER,22
THOR,22
ZEUS,22
ATHENA,21
ELLIE,21
FINN,21
LILLY,21
MILO,21
TITAN,21
BLUE,20
DAKOTA,19
KISKA,19
LEO,19
MINNIE,19
MURPHY,19
OSCAR,19
SASHA,19
TUCKER,19
KODIAK,18
LOUIE,18
NALA,18
OLIVER,18
RANGER,18
WINSTON,18
ZOE,18
ANGEL,17
BAXTER,17
EMMA,17
GIZMO,17
HAZEL,17
CHANCE,16
CHEWY,16
HUNTER,16
JACKSON,16
MADDIE,16
OTIS,16
RAVEN,16
TEDDY,16
BO,15
JAX,15
JUNO,15
ROSCOE,15
SUGAR,15
DEXTER,14
DOZER,14
HENRY,14
LUKE,14
MIA,14
MISSY,14
MISTY,14
NOVA,14
OLIVE,14
PEANUT,14
PRINCESS,14
TAZ,14
ASPEN,13
COPPER,13
DIXIE,13
HANK,13
IZZY,13
KATIE,13
LEXI,13
LULU,13
MOOSE,13
OLLIE,13
SANDY,13
SMOKEY,13
STORMY,13
TANK,13
ACE,12
APOLLO,12
AURORA,12
BELLE,12
BOO,12
CODY,12
JOEY,12
KOBUK,12
MAYA,12
MISHKA,12
SAMMY,12
SITKA,12
SPARKY,12
SUNNY,12
BOOMER,11
CHICO,11
FRANKIE,11
HONEY,11
KING,11
OAKLEY,11
ROMEO,11
RUSTY,11
SPIKE,11
TYSON,11
ARCHIE,10
BABY,10
BEAU,10
BRUNO,10
BRUTUS,10
CALLIE,10
CASSIE,10
COCOA,10
DALLAS,10
DESHKA,10
GEORGE,10
GUNNER,10
KOA,10
MAXIMUS,10
MICKEY,10
ODIE,10
OREO,10
PEARL,10
PHOEBE,10
REX,10
RIPLEY,10
RIVER,10
SCOOTER,10
SCRAPPY,10
YUKI,10
ZIGGY,10
BRODY,9
BUBBA,9
CHENA,9
COOKIE,9
DIAMOND,9
HOLLY,9
HOMER,9
HOPE,9
KARMA,9
KINLEY,9
LAYLA,9
MOJO,9
NELLIE,9
OTTO,9
POPPY,9
PORTER,9
REMINGTON,9
REMY,9
ROO,9
RUDY,9
RUFUS,9
RYDER,9
SAMPSON,9
XENA,9
ALLIE,8
ANGUS,8
CALI,8
COSMO,8
CRICKET,8
DAISY MAE,8
DUSTY,8
GIGI,8
ISABELLA,8
IVY,8
JASMINE,8
JOSIE,8
KAI,8
KAISER,8
KIKI,8
KIRA,8
MACY,8
MASON,8
MATTIE,8
MAVERICK,8
MCKINLEY,8
MIDNIGHT,8
NINA,8
ODIN,8
ONYX,8
RASCAL,8
SHILOH,8
SNICKERS,8
SYDNEY,8
TIMBER,8
TROOPER,8
WATSON,8
ZEKE,8
ARLO,7
AXEL,7
BABY GIRL,7
BANJO,7
BEN,7
BERNIE,7
BRUCE,7
CHIEF,7
CHINOOK,7
DAWSON,7
DIEGO,7
ELSA,7
FIONA,7
FOXY,7
GOLDIE,7
HANNAH,7
JADE,7
KITA,7
KOKO,7
LEIA,7
LOGAN,7
MADDY,7
MAUI,7
MILLIE,7
MISKA,7
MOCHA,7
PENELOPE,7
PIXIE,7
RAIDER,7
REMI,7
ROCCO,7
ROWDY,7
ROXIE,7
SALLY,7
SARA,7
SARGE,7
SASSY,7
SHEBA,7
STANLEY,7
SWEETIE,7
THUNDER,7
TILLY,7
TITUS,7
TRIXIE,7
WRIGLEY,7
ZIVA,7
ABIGAIL,6
ACHILLES,6
ALI,6
ATLAS,6
BARLEY,6
BLAZE,6
BOBBY,6
BOLT,6
BOOTS,6
BOWSER,6
BRISTOL,6
CASH,6
CHARLEY,6
CHEVY,6
CHICA,6
CHIP,6
DASH,6
DOC,6
DUTCH,6
EDDIE,6
ELLA,6
ELVIS,6
FINLEY,6
FRANK,6
FREYA,6
FRITZ,6
FRODO,6
GERTIE,6
GRACE,6
GRIZZLY,6
HERCULES,6
INDY,6
ISIS,6
JAGER,6
JAXX,6
JAZZ,6
JETHRO,6
JOE,6
KAYA,6
KETA,6
LILA,6
MOKI,6
NUGGET,6
OZZY,6
PARKER,6
PRINCE,6
RED,6
RIO,6
ROCKET,6
SAMANTHA,6
SCOOBY,6
SHERMAN,6
SIMBA,6
SKIPPY,6
STAR,6
SWEET PEA,6
TALLULAH,6
TIGER,6
TUFFY,6
TURBO,6
WHISKEY,6
ABBIE,5
ADDIE,5
AJAX,5
ALICE,5
AMBER,5
BABE,5
BENNY,5
BOB,5
BODHI,5
BRANDY,5
BRODIE,5
CAESAR,5
CASEY,5
CHAI,5
CHARLOTTE,5
CHASE,5
CINDER,5
CINNAMON,5
COAL,5
COMET,5
DAPHNE,5
DAX,5
DELILAH,5
DOBBY,5
DRAKE,5
DUDE,5
EMBER,5
EVA,5
FANCY,5
GOOSE,5
GYPSY,5
HATCHER,5
HEIDI,5
JENNY,5
JESSE,5
JOY,5
KANE,5
KIMBER,5
KOBE,5
LENNY,5
LINCOLN,5
LUKA,5
MABEL,5
MADISON,5
MAJOR,5
MATILDA,5
MILA,5
MILEY,5
MIMI,5
MORGAN,5
NANOOK,5
NIKKI,5
NUKKA,5
OBI,5
PANDA,5
PAPI,5
PATCH,5
PEACHES,5
PERCY,5
QUINN,5
RADAR,5
REBEL,5
REGGIE,5
RICO,5
ROGER,5
ROSE,5
SHELBY,5
SIERRA,5
SIMON,5
SKYE,5
SOPHIA,5
SUMMER,5
TINKERBELL,5
TONKA,5
TORI,5
TRAPPER,5
TRIGGER,5
TRINITY,5
TUNDRA,5
VIOLET,5
WINNIE,5
YODA,5
ZELDA,5
JUNE,4
ADAK,4
ALEX,4
ALYESKA,4
ARES,4
ASHA,4
ASHER,4
ASTRO,4
AUTUMN,4
AVA,4
AXLE,4
AYLA,4
BALOO,4
BARKLEY,4
BAUER,4
BETTY,4
BINDI,4
BINGO,4
BISCUIT,4
BJORN,4
BONNIE,4
BOOGIE,4
BROWNIE,4
BUCK,4
BULLET,4
BUSTER BROWN,4
BUZZ,4
CASPER,4
CECIL,4
CHEWBACCA,4
CHOPPER,4
CLEO,4
CLOVER,4
COHO,4
CORA,4
COWBOY,4
DEUCE,4
DINGO,4
DJ,4
DOLLY,4
DUDLEY,4
EASTON,4
EMMETT,4
ENZO,4
FELIX,4
FENWAY,4
FLUFFY,4
FRECKLES,4
FRED,4
FREDDIE,4
GABBY,4
GALENA,4
GINNY,4
GLORY,4
GROOT,4
HAILEY,4
HAPPY,4
HARLOW,4
HARVEY,4
HERO,4
HOSS,4
HUDSON,4
INDIE,4
INDIGO,4
IRIS,4
JAEGER,4
JAXON,4
JILL,4
JIMMY,4
JJ,4
JOJO,4
JUNEAU,4
KAIA,4
KALI,4
KAYLEE,4
KILO,4
KOTA,4
LEELA,4
LIBBY,4
LITTLE BEAR,4
LYLA,4
MACK,4
MAIZY,4
MERCY,4
MERLIN,4
MERRY,4
MOE,4
MONKEY,4
MUFFIN,4
NACHO,4
NEMO,4
NIKITA,4
NYX,4
OLIVIA,4
PAISLEY,4
PATCHES,4
PETE,4
POLLY,4
PONCHO,4
PRECIOUS,4
QUEEN,4
RAMBO,4
REESE,4
RIGBY,4
ROGUE,4
ROMAN,4
ROSCO,4
SAGE,4
SAMSON,4
SARAH,4
SHILO,4
SKY,4
SNOW,4
SNOWBALL,4
SONNY,4
SPROCKET,4
STEVE,4
STITCH,4
SUMMIT,4
TACO,4
TATER TOT,4
TAZER,4
TAZLINA,4
TESLA,4
TESS,4
TIA,4
TIKAANI,4
TIKKA,4
TOTO,4
TUX,4
VADER,4
WALLY,4
WHISPER,4
WILLIE,4
WRANGELL,4
ZORRO,4
APRIL,3
ABBEY,3
ABE,3
ALEXIS,3
ALLY,3
ANDY,3
ANGIE,3
ANNA,3
ARIA,3
ARIES,3
ARTEMIS,3
ATKA,3
ATTICUS,3
AZUL,3
BALTO,3
BEAMER,3
BEAN,3
BECKY,3
BELL,3
BENELLI,3
BERTIE,3
BETSY,3
BIGGS,3
BILLY,3
BLANCA,3
BLOSSOM,3
BODIE,3
BOJANGLES,3
BOONE,3
BORIS,3
BOULDER,3
BRADY,3
BREWSKI,3
BRIAN,3
BUCKY,3
BUD,3
CARLY,3
CASPIAN,3
CEASAR,3
CEDAR,3
CHAMP,3
CHARLIE BROWN,3
CHESTER,3
CHEWIE,3
COLBY,3
CRUISER,3
CRYSTAL,3
CUPCAKE,3
DAISY DUKE,3
DARWIN,3
DHARMA,3
DJANGO,3
DOOBIE,3
DORA,3
DOT,3
DOUGLAS,3
DRACO,3
DUNCAN,3
DUTCHESS,3
DYLAN,3
ECHO,3
EDISON,3
EDWARD,3
ELEANOR,3
ELI,3
ESKA,3
ESTRELLA,3
FINNIGAN,3
FLETCHER,3
FLOYD,3
FRANKLIN,3
GAIA,3
GEMMA,3
GEORGIA,3
GHOST,3
GOLIATH,3
GORDY,3
GROVER,3
GUCCI,3
GUNNAR,3
HALO,3
HAVOC,3
HUCK,3
HUGO,3
HURLEY,3
IKE,3
ISABELLE,3
JACKIE,3
JD,3
JELLY BEAN,3
JESSIE,3
JEZEBEL,3
JUNIOR,3
KAHLUA,3
KAOS,3
KATE,3
KATO,3
KELLER,3
KELLY,3
KEVIN,3
KIERA,3
KILLIAN,3
KIPPER,3
KODI,3
KODY,3
KRATOS,3
LACEY,3
LEAH,3
LENA,3
LIBERTY,3
LIZZIE,3
LUPA,3
LYRIC,3
MAC,3
MAE,3
MAGPIE,3
MAISIE,3
MAISY,3
MALI,3
MANDY,3
MAPLE,3
MARGO,3
MARLEE,3
MARSHALL,3
MARY JANE,3
MAXWELL,3
MCKENZIE,3
MINKA,3
MOXIE,3
MYA,3
NICKI,3
NIKO,3
NITRO,3
NOODLES,3
NORA,3
NUKA,3
OLAF,3
OLIE,3
ORION,3
OTTER,3
PACO,3
PAXSON,3
PEBBLES,3
PETER,3
PETEY,3
PHEOBE,3
PICKLES,3
PIPPEN,3
PIXEL,3
POLARIS,3
RALEIGH,3
REMMY,3
REMUS,3
RINGO,3
ROBBIE,3
ROCKO,3
ROLLY,3
RONAN,3
RUPERT,3
RUSSELL,3
RYKER,3
SAKARI,3
SALCHA,3
SAMMIE,3
SCARLET,3
SCRUFFY,3
SCULLY,3
SEAMUS,3
SEBASTIAN,3
SHASTA,3
SKIPPER,3
SKYLAR,3
SNOOPY,3
SNOWY,3
SOLO,3
SPENCER,3
SPOCK,3
SPOT,3
SQUIRREL,3
STARBUCK,3
STORM,3
SUKI,3
SUNSHINE,3
SUSIE,3
SVEN,3
TANGO,3
TASHA,3
TESSA,3
THEODORE,3
TIKI,3
TINA,3
TINK,3
TITO,3
TOBEY,3
TOGO,3
TOK,3
TONKS,3
TROY,3
TRUDY,3
TRUFFLE,3
UNA,3
WALTER,3
WILEY,3
WILSON,3
WINCHESTER,3
YETI,3
ZACK,3
ZENA,3
ZERO,3
AUGUST,2
ADA,2
ADDY,2
ALBUS,2
AMIRA,2
ANAKIN,2
ANNABELLE,2
ANNAPURNA,2
ARGOS,2
ARMANI,2
ARNOLD,2
ARTHUR,2
ARYA,2
ATILLA,2
ATTU,2
AUDREY,2
AUGGIE,2
AUGUSTUS,2
AUSTIN,2
AVALANCHE,2
AVERY,2
AXL,2
AZULA,2
BABYGIRL,2
BAE,2
BAGHEERA,2
BAM BAM,2
BANE,2
BARNEY,2
BARON,2
BARRY,2
BASIL,2
BATMAN,2
BEANIE,2
BEAUFORT,2
BEAVER,2
BELLATRIX,2
BELVEDERE,2
BENJI,2
BENNIE,2
BENTLY,2
BERETTA,2
BERNARD,2
BEYLA,2
BINO,2
BLACKY,2
BLAKE,2
BLEU,2
BLITZ,2
BLITZEN,2
BOAZ,2
BODE,2
BOGEY,2
BOGIE,2
BOMBER,2
BOOTSIE,2
BOSCO,2
BOSSY,2
BOWEN,2
BREE,2
BRENIN,2
BRIDGER,2
BRIO,2
BRONSON,2
BROOK,2
BROOKLYN,2
BROOKS,2
BUBBY,2
BUCKLEY,2
BUG,2
BUKUM,2
BUTCH,2
BUTTERSCOTCH,2
BYRON,2
CABO,2
CADEN,2
CAMI,2
CAMPER,2
CANDY,2
CAPTAIN,2
CARL,2
CARRIE,2
CARSON,2
CECE,2
CESAR,2
CHACO,2
CHAOS,2
CHAPO,2
CHARLY,2
CHEETO,2
CHEWBARKA,2
CHEYENNE,2
CHIBI,2
CHICHI,2
CHILLI,2
CHOLO,2
CHUBBS,2
CHUNK,2
CHURRO,2
CISCO,2
CLAIRE,2
CLIFFORD,2
CLYDE,2
COLE,2
CORKY,2
CORONA,2
CRUZ,2
CUJO,2
DAISEY,2
DAISY MAY,2
DANGER,2
DANI,2
DANNY,2
DEE,2
DEMON,2
DEMPSEY,2
DERBY,2
DESTINY,2
DEWEY,2
DIGGER,2
DINO,2
DIPPER,2
DIVA,2
DIZZY,2
DOMINO,2
DOOLEY,2
DOUG,2
DUCHESS,2
DUGAN,2
DURANGO,2
EBONY,2
EEVEE,2
EIN,2
EINSTEIN,2
ELLIE MAY,2
ELSIE,2
EMILY,2
EMMITT,2
ERIS,2
ERNIE,2
EVE,2
FAITH,2
FARLEY,2
FARRAH,2
FERDINAND,2
FERGUS,2
FIFI,2
FINNEGAN,2
FITZ,2
FLASH,2
FLINT,2
FLIP,2
FLOWER,2
FLY,2
FORD,2
FORREST,2
FREEDOM,2
FREYJA,2
FRIDA,2
GABRIELLA,2
GAGE,2
GANDALF,2
GATSBY,2
GAUGE,2
GIBBS,2
GIDEON,2
GIDGET,2
GIMLI,2
GIRL,2
GLACIER,2
GOOFY,2
GOTTI,2
GRETA,2
GRIFFIN,2
GUINESS,2
GUMBO,2
GUNTHER,2
GUS GUS,2
GUSTAVO,2
HAKU,2
HARMONY,2
HAROLD,2
HARPER,2
HAWKEYE,2
HAYDEN,2
HAYLEE,2
HAZARD,2
HECTOR,2
HENDRIX,2
HERA,2
HERMIONE,2
HERSHEY,2
HONDO,2
HONEY BEAR,2
HOOCH,2
HOOVER,2
HOWIE,2
HUBERT,2
HUCKLEBERRY,2
HUEY,2
HUXLEY,2
ICARUS,2
ICY,2
IGGY,2
INGRID,2
INNOKO,2
ISABEL,2
IVAN,2
IVORY,2
IZZIE,2
JACOB,2
JAGGER,2
JAMESON,2
JANGO,2
JARVIS,2
JAY,2
JAZMINE,2
JEDI,2
JENNA,2
JET,2
JETT,2
JINGLES,2
JINX,2
JOANIE,2
JOKER,2
JOSEPHINE,2
JUDGE,2
JUICE,2
JULIE,2
KANGA,2
KASH,2
KATY,2
KEELY,2
KEETA,2
KEETNA,2
KEIKO,2
KEIRA,2
KENYA,2
KHALEESI,2
KHAN,2
KIANA,2
KIKO,2
KILA,2
KIMA,2
KINGSTON,2
KIP,2
KIRBY,2
KISKI,2
KIT,2
KIWI,2
KJ,2
KLAUS,2
KLHOE,2
KNIK,2
KNUCKLES,2
KOBA,2
KOBIE,2
KODIE,2
KOJI,2
KOOPER,2
KOROVA,2
KOVU,2
KUMA,2
KYRA,2
LACY,2
LADY BUG,2
LAIKA,2
LALA,2
LAMBEAU,2
LANA,2
LARA,2
LEILA,2
LEX,2
LEXIE,2
LILLI,2
LINK,2
LITTLE BIT,2
LITTLE GIRL,2
LIZZY,2
LOBO,2
LOLLY,2
LOU,2
LOUIS,2
LUCA,2
LUPIN,2
LYRA,2
MACEY,2
MACHO,2
MACKENZIE,2
MAHLI,2
MALAKAI,2
MANGO,2
MARCUS,2
MARIAH,2
MARTY,2
MARVIN,2
MARY,2
MATANUSKA,2
MATEO,2
MAVIS,2
MAXIE,2
MCKENNA,2
MEEKO,2
MELISSA,2
MERCEDES,2
MIKE,2
MIKEY,2
MILES,2
MILLY,2
MINA,2
MINER,2
MINI COOPER,2
MINION,2
MINX,2
MISHA,2
MISTER,2
MIYAH,2
MJ,2
MOANA,2
MOLLIE,2
MONGO,2
MONTE,2
MONTY,2
MOOSIE,2
MOSES,2
MUMFORD,2
MYAH,2
NADIA,2
NAIA,2
NANUG,2
NEKO,2
NELCHINA,2
NENA,2
NEO,2
NEWTON,2
NICO,2
NIKE,2
NIKISKI,2
NIKKO,2
NILES,2
NILLA,2
NINJA,2
NORM,2
NORMAN,2
NORTH,2
NUNA,2
OBIE,2
OCTO,2
OLI,2
OLY,2
OPHELIA,2
OPIE,2
ORCA,2
OSITO,2
OSO,2
OZZIE,2
PADME,2
PARIS,2
PATRIOT,2
PATTON,2
PAX,2
PEDRO,2
PENNI,2
PERRY,2
PHEONIX,2
PHOENIX,2
PIKA,2
PILOT,2
PIPPI,2
PITA,2
POLAR BEAR,2
POOKIE,2
POOKY,2
PRETZEL,2
PRIM,2
PRUDHOE,2
PUCK,2
PUMPKIN,2
PUNKIN,2
PUTTER,2
QUE,2
QUEENIE,2
RAGNAR,2
RAZOR,2
REBA,2
RHUBARB,2
RICKY,2
ROCK,2
ROE,2
ROHN,2
ROLO,2
ROSEMARY,2
ROSEY,2
ROSSI,2
ROXI,2
ROY,2
RUCKUS,2
RUDI,2
SABBATH,2
SABLE,2
SABRE,2
SAILOR,2
SAMI,2
SAMMI,2
SAVANNAH,2
SCAMP,2
SCARLETT,2
SCHNITZEL,2
SEQUOIA,2
SERGEANT,2
SETH,2
SHADY,2
SHAE,2
SHAKESPEARE,2
SHANE,2
SHAYLA,2
SHEEBA,2
SHELDON,2
SHORTY,2
SID,2
SIDNEY,2
SIENNA,2
SIRIUS,2
SISU,2
SKADI,2
SKEETER,2
SKIFF,2
SNICKERDOODL,2
SNIPER,2
SNOOKIE,2
SNOOP,2
SODA,2
SOOKIE,2
SOX,2
SPICE,2
SPIRIT,2
SPUD,2
STARSKY,2
STEVIE,2
STONEY,2
SUE,2
SUKA,2
SULLY,2
SUZI,2
SUZIE Q,2
SUZY,2
TAKU,2
TALI,2
TALLY,2
TATER,2
TAYLOR,2
TEBOW,2
TED,2
TEEKA,2
THEA,2
THEO,2
TIGGER,2
TIKA,2
TINKER,2
TIVA,2
TOBIAS,2
TOBLERONE,2
TRACKER,2
TROUBLE,2
TSUNAMI,2
TUCK,2
TULA,2
TULLY,2
TURK,2
TWIX,2
TYRONE,2
URSA,2
VANILLA,2
WICKET,2
WILLA,2
WILLY,2
WOODROW,2
WREN,2
WYATT,2
WYNNIE,2
XANDER,2
YOGI,2
ZAK,2
ZARA,2
ZEPHYR,2
ZEPPELIN,2
ZEVA,2
ZIPPO,2
ZORA,2
ZOYA,2
ZUZU,2
MAY,1
TUESDAY,1
WEDNESDAY,1
FRIDAY,1
3 OF HEARTS,1
68 WHISKEY,1
AASA,1
AATU,1
ABBEY NORMAL,1
ABBI,1
ABBY JEAN,1
ABEL,1
ABERLOUR,1
ABI,1
ABRAHAM,1
ACER,1
ADAM,1
ADDIE MAE,1
ADELAIDE,1
ADELE,1
ADELYN,1
ADORA,1
AEON,1
AGATE,1
AGATHA,1
AGLU,1
AGNES,1
AIKO,1
AIOFA,1
AIYANA,1
AJAXX,1
AK,1
AKEELA,1
AKER,1
AKI,1
AKIRA,1
AKITO,1
AKUTAN,1
ALAKANUK,1
ALANI,1
ALARIC,1
ALBERT E III,1
ALEXANDER,1
ALEXIS (LEXIE),1
ALEXXEE,1
ALF,1
ALFALFA,1
ALFIE,1
ALI BABA,1
A-LIEN,1
ALIKADE,1
ALINAFREYA,1
ALLIE GIRL,1
ALLIYAH,1
ALLY MAY,1
ALMOND ROCA,1
ALTA,1
ALY,1
AMAK,1
AMBERLYN,1
AMELIA,1
AMELIA GREEN,1
AMERICA,1
AMI,1
AMINA,1
AMIR,1
AMOS,1
AMY,1
ANCHOR,1
ANDRE,1
ANDY KODA,1
ANGELINA,1
ANGUA,1
ANI,1
ANIA,1
ANIAK,1
ANIOT,1
ANNABELL,1
ANNABELLA,1
ANNI,1
ANNIE BELLE,1
ANOWIK,1
ANSCHUTZ,1
ANTHONY CRIT,1
ANUBIS,1
AOIFE,1
APHRODITE,1
APPA,1
APPLE,1
APPLEJAX,1
APU,1
AQUILA,1
ARBELL,1
ARCADIA,1
ARCHER,1
ARCHIE E.,1
ARCKOS,1
ARDBEG,1
AREC,1
ARGO,1
ARIAL,1
ARIE,1
ARIEL,1
ARLO LOERA,1
ARROW,1
ARTI,1
ARWEN,1
ARY,1
ASH,1
ASHE,1
ASHLEIGH,1
ASKOLE,1
ASLAN,1
ASTA,1
ASUNA,1
ATHENA ANN,1
ATIGUN,1
ATL,1
ATOM,1
ATOS,1
ATREYU,1
AUBREY,1
AUDI MURPHEY,1
AUDIE,1
AUGIE,1
AURI,1
AUSSIE,1
AUTZEN,1
AUXEN,1
AXTON,1
AY JAY,1
AYAAYA,1
AYMERIC,1
B.B.,1
BAAN,1
BABY BLUE,1
BABYBABY,1
BACCHUS,1
BACON,1
BADGER,1
BAILA,1
BAILEE,1
BAILEY BEAR,1
BAILY,1
BAIYA,1
BAKER,1
BALO,1
BAMBI,1
BAMBOO,1
BARA,1
BARCLAY,1
BARF,1
BARKELY,1
BARKUS,1
BARNABY,1
BARRACUDA,1
BARRET,1
BARRETT,1
BARRON,1
BARRY 2,1
BART,1
BARTLETT,1
BAS,1
BASKER,1
BASKO,1
BAYA,1
BAYLA,1
BAYLEE,1
BB,1
BEA,1
BEANS,1
BEANSIDHE,1
BEAR BAIT,1
BEAR BEAR,1
BEARCOOT,1
BEAST,1
BEATRIX,1
BEAUREGARD,1
BEAUTI,1
BEBA,1
BEBE,1
BECA,1
BECKA,1
BECKER,1
BEE,1
BEEF,1
BEEFCAKE,1
BEEMO,1
BEERUS,1
BEETLE,1
BEEVIE,1
B'ELANNA,1
BELL A DONNA,1
BELLA GREEN,1
BELLA STAR,1
BELLADONA,1
BELLAH,1
BELLE VOM CI,1
BENITO,1
BENJAMIN,1
BENNE,1
BENNETT,1
BENSON,1
BEORN,1
BEOWULF,1
BEREN,1
BERGERON,1
BERNOULLI,1
BERRY,1
BERT,1
BERTUZZI,1
BESITO,1
BESSA,1
BESSIE,1
BETA,1
BETTLES,1
BETTY BOOP,1
BETTY JEAN,1
BEX,1
BHELIN,1
BIANCA,1
BIBI,1
BIESEN,1
BIG BABY,1
BIG BOI,1
BIG BOY,1
BIG JAKE,1
BIG MAC,1
BIG MOMMA,1
BIGGIE,1
BIJOU,1
BIKO,1
BILL,1
BINK,1
BISHOP,1
BISKET,1
BITSY,1
BITZER,1
BJ,1
BLACK BEAR,1
BLACK JACK,1
BLACKIE,1
BLACKJACK,1
BLANCO,1
BLESSING,1
BLING,1
BLINKEY,1
BLIZZARD,1
BLONDIE,1
BLU,1
BLUE BELLE,1
BLUEBERRY,1
BOBA,1
BOBBI SUE,1
BOBO,1
BOCEPHUS,1
BODAK,1
BODEE,1
BODEY,1
BODHI KNOX,1
BODI,1
BODYBAG,1
BOND,1
BONES,1
BONITA,1
BONSAI,1
BOO BEAR,1
BOO BOO,1
BOOBOO,1
BOOGLE,1
BOOJO,1
BOOZIE,1
BORA,1
BORIA,1
BOSHKO BOGDAN,1
BOSS,1
BOWEE,1
BOWMORE,1
BRAAAP,1
BRADDAH,1
BRADDOCK,1
BRADLEY,1
BRAE,1
BRAM,1
BRANDEE,1
BRANDI,1
BRANDILYNN,1
BRANDO,1
BRAUM,1
BRAVE,1
BRAYA,1
BRAZEN,1
BRECK,1
BREEZE,1
BREEZY,1
BRENDA LEIGH,1
BRENNER,1
BREW,1
BREYLA,1
BRIA,1
BRIANA,1
BRIDGET,1
BRIDGETTE,1
BRINDI,1
BRINDLE,1
BRIOSCA,1
BROCK,1
BRODDI,1
BRODY DUNCAN,1
BRODY JOE,1
BROGAN,1
BRON BRON,1
BRONIUS,1
BROOSTER,1
BROSEPH,1
BROWN DAWG,1
BROWZER,1
BRUCE ALMIGHTY,1
BRUCE WAYNE,1
BRUISER REBEL,1
BRUJAH,1
BRUNDI,1
BRUSH,1
BRUTUS AGUSTUS,1
BRUZER,1
BRYCE,1
BRYNDLE,1
BRYNN,1
BUBA,1
BUBBLEZ,1
BUCKAROO,1
BUCKET,1
BUCKSHOT,1
BUDDAH,1
BUDDHA,1
BUDDY BOY,1
BUDDY JR,1
BUDDY JR.,1
BUDDY MEATBALL,1
BUELLER,1
BUFFY,1
BUGS,1
BUGSBY,1
BUGSY,1
BULLITT,1
BUNKIE,1
BUNKY,1
BUNTA,1
BUOY,1
BURBERRY,1
BURKE,1
BURLY,1
BURNER,1
BURT,1
BURTON,1
BUSHIDO,1
BUSY,1
BUTCHER,1
BUTKUS,1
BUTTER,1
BUTTERCUP,1
BUTTERS,1
BUTTONS,1
BUTTONS 3,1
BUXTON,1
C.B.,1
C.C.,1
CABANNA,1
CACHE,1
CACY JONES,1
CAICOS,1
CAILOU,1
CAIRO,1
CAITE BEL,1
CALAMITY,1
CALI ANNE,1
CALLAHAN,1
CALLAWAY,1
CALLIE ROSE,1
CALLY,1
CALVIN,1
CALYPSO,1
CAMBERLYNN,1
CAMDEN,1
CAMILLE,1
CANDACE,1
CANE,1
CANISA,1
CANNON,1
CANYON,1
CAPONE,1
CAPPUCCINO,1
CAPTAIN REX,1
CARA,1
CARAMEL,1
CARBON,1
CARDHU,1
CARDI,1
CARINA,1
CARL 2.0,1
CARLIE,1
CARLOS,1
CARMELLO,1
CASCADE,1
CASIE,1
CASLOW,1
CASS,1
CASSI,1
CASSIDY,1
CAT,1
CATHERINE,1
CEASER,1
CECI,1
CECILIA,1
CEECEE,1
CEIBA,1
CELIE,1
CELLO,1
CEZAR,1
CHACHA,1
CHAD,1
CHAGA,1
CHAHTA,1
CHAKA,1
CHAKO,1
CHAMPION,1
CHANCEY,1
CHANDLER,1
CHANEL,1
CHAPPIE,1
CHARLAMAGNE,1
CHARLEE,1
CHARLI,1
CHARLIE GIRL,1
CHARLIEBROWN,1
CHARLIEE,1
CHARMIN,1
CHAROLETTE,1
CHAUNCEY,1
CHAY,1
CHAYA,1
CHAZZ,1
CHEEKY,1
CHEENA,1
CHEETAH,1
CHEIF,1
CHELSEA,1
CHELSEY,1
CHENA ROSE,1
CHENEGA,1
CHERI,1
CHERIZO,1
CHERNOBYL,1
CHEROKEE,1
CHERRY,1
CHEVYEL,1
CHEWAWA,1
CHEWBACA,1
CHEWBELLA,1
CHEWEY,1
CHI,1
CHIANA,1
CHICAGO,1
CHICK,1
CHICKADEE,1
CHICORY,1
CHIGNIK,1
CHIKA,1
CHILE,1
CHILI,1
CHILIE,1
CHING SHI,1
CHINGIZ,1
CHINNOK,1
CHINOBI,1
CHINTA,1
CHIO,1
CHIPS,1
CHIQUITA,1
CHITU,1
CHOCCO,1
CHOCHO,1
CHOCO,1
CHOCOLAT,1
CHOMPER,1
CHONCHO,1
CHOOK,1
CHOP,1
CHORIZO,1
CHOZA,1
CHRIS CRINGLE,1
CHRISSY,1
CHUBBERS,1
CHUBS,1
CHUCHO,1
CHUCK,1
CHUCK NORRIS,1
CHUE,1
CHUGI,1
CHULA BELL,1
CHUMP,1
CHUMS,1
CHUNKY,1
CHUY,1
CIARA,1
CICERO,1
CICI,1
CIDER,1
CIDLEE,1
CIDLEY,1
CINCH,1
CINDY,1
CINNY,1
CIRI,1
CLAIREE,1
CLAM,1
CLARK,1
CLAY,1
CLEASTWOOD,1
CLECO,1
CLEMENTINE,1
CLEOPATRA,1
CLETUS,1
CLIDE,1
CLUTCH,1
CO CO,1
COACH,1
COALBY,1
COAST,1
COATY,1
COBALT,1
COCHISE,1
COCO PUFF,1
COCOA PUFF,1
CODA,1
COFFEE,1
COLBY LYNNE,1
COLLIS,1
COLT,1
COOKIE LEE,1
COOSA,1
COOTA,1
COPA,1
COPPER LEE PATTERSON,1
COQUI,1
CORBY,1
CORDELIA,1
COREY,1
CORPORAL,1
CORWIN,1
COSA,1
COSMA,1
COTTON,1
COUGAR,1
COUVER,1
COUVERDEN,1
COVEY,1
COWGIRL,1
COZY,1
COZZY,1
CRACKERS,1
CRASH,1
CRISSY,1
CROUTON,1
CROWLEY,1
CRUNCH BITE,1
CRUSH,1
CRUZIER,1
CUBBY,1
CUBBY 2,1
CUBBY BEAR,1
CUDDIE,1
CUDDLES,1
CUDDY,1
CUERVO,1
CURLY-GIRL,1
CURRIE,1
CURTIS,1
CUTIE PIE,1
CUTTER,1
CYBIL,1
CYLUS,1
CYNDER,1
CYRUS,1
D.O.G.,1
D2,1
DAE BOK,1
DAEVU,1
DAFFY,1
DAGAN,1
DAGGER,1
DAGNY,1
DAHNDI,1
DAISEY MAE,1
DAISY BEAN,1
DAISY DOO,1
DAISY DUKES,1
DAISY-BELLE,1
DAJAK,1
DAKODA,1
DALAI,1
DAMU,1
DANDELION,1
DANIELLE,1
DANIKIS,1
DANNER,1
DAPPER,1
DARBY,1
DARCIE,1
DARCY,1
DARIUS,1
DARLINGTON,1
D'ARTAGNON,1
DARTH,1
DASHA,1
DASHER,1
DAUBI,1
DAVE,1
DAVINCHY,1
DAVOS,1
DAVROS,1
DAY,1
DAYNA,1
DAYTON,1
DAYZ,1
DAZZLE,1
D'BO,1
D-BO,1
DEAN,1
DECKER,1
DECLAN,1
DEE DEE,1
DEEDEE,1
DEEOHGEE,1
DEEVA,1
DEEZLE,1
DEGORY,1
DEHAVILLAND,1
DEIGO,1
DEISEL,1
DEKE,1
DEL,1
DELANIE,1
DELILIAH,1
DELKO,1
DELLA,1
DELTA,1
DELYA,1
DEMI,1
DENAHI,1
DENALI DARLING,1
DENEKI,1
DENEKI 4,1
DERPY,1
DESCHUTES,1
DESI,1
DESNA,1
DESSA,1
DETROIT,1
DEVON,1
DEWBEE,1
DEWIE,1
DEWY,1
DEX,1
DIANA,1
DIBS,1
DICE,1
DIDDLES,1
DIDDLEY,1
DIESEL AVA,1
DIEZ,1
DIGONG,1
DILLNGER,1
DILLON,1
DIME BAG,1
DINA,1
DINAH,1
DING,1
DIONES,1
DIRK,1
DIRTIE,1
DISCO,1
DISNEY,1
DITTO,1
DIVER,1
DIXA,1
DIXON,1
DODGER,1
DOG,1
DOGLAS,1
DOGMEAT,1
DOJA,1
DOJI,1
DOLCE,1
DOLCHE,1
DOLLA,1
DOMINUS,1
DONNER,1
DONNI,1
DONOVAN,1
DOOBY,1
DOODLE,1
DOOGAN,1
DOOZER,1
DOOZEY,1
DORI,1
DORIE,1
DORY,1
DOTTIE,1
DOTTIE MAE,1
DOUGAL,1
DOUGHNUT,1
DOUGIE,1
DOZZER,1
DRAGON,1
DRAKO,1
DRANZER,1
DREAM,1
DRED,1
DREGGER,1
DROOPY,1
DRUID,1
DUBS,1
DUCK DUCK,1
DUCKEY,1
DUCT TAPE,1
DUFFY,1
DUGAS,1
DULCE,1
DUNAI,1
DUNCAN JR,1
DUNZO,1
DUTCH VIRDEN,1
DYGGUR,1
DYLLON,1
DYLO,1
DYNA,1
E.Z. RYDER,1
EBBA,1
EBERT,1
EBI,1
ECHO 2,1
ECLAIR,1
EDNA,1
EESHAN,1
EETSA,1
EGGNOG,1
EHU,1
EIFFEL,1
EIGHT,1
EILEEN,1
EISEN,1
EKLUTNA,1
ELBE,1
ELE ELE,1
ELEU,1
ELGIN,1
ELIJAH,1
ELIZABETH,1
ELKE,1
ELLA BELLA,1
ELLERA,1
ELLI,1
ELLI MAE,1
ELLIOT,1
ELLIOTT,1
ELLSA,1
ELLY,1
ELMO,1
ELO,1
ELOISE,1
ELPHABA,1
ELSU,1
ELVIN,1
ELWAY,1
EMILLIE,1
EMMA RUE,1
EMMET,1
EMMY,1
ENEW,1
ENUJ,1
EOWYN,1
EQUINOX,1
ERROW,1
ESKER,1
ESPICKY,1
ESPIN,1
ESSIE,1
ESTER,1
ETTA,1
ETTA MAE,1
EURO,1
EVEREST,1
EVIE,1
EVO,1
EVVIE,1
EZEKIEL,1
FADED,1
FAIRBANKS,1
FAITH ROSE,1
FALCO,1
FALCOR,1
FALKOR,1
FANG,1
FANGSIE,1
FATBOY,1
FAUKXIE,1
FAUST,1
FAUSTINO,1
FEENA,1
FEN,1
FERN,1
FERRET,1
FEZZIK,1
FIDO,1
FIEKA,1
FIG,1
FINCH,1
FINLAY,1
FIRN,1
FISCHER,1
FISHBONES,1
FISHER,1
FITZGERALD,1
FIYERO,1
FIZZIGIG,1
FLACA,1
FLAG,1
FLAPJACK,1
FLICKA,1
FLINTSTONE,1
FLOPPER,1
FLOSSIE,1
FLUFFY BLAZE,1
FLUFFY PANTS,1
FLYNN,1
FORTE,1
FOSBURY,1
FOSTER,1
FOX,1
FRANCESCA,1
FRANCIS,1
FRANCO,1
FRANCOIS,1
FRANKENSTEIN,1
FRANNIE,1
FRANNY,1
FRASIER,1
FREDDY,1
FREDY,1
FREEWAY,1
FREIDA,1
FREYA DALTON,1
FREZNO,1
FROST T,1
FROSTIE,1
FROSTY,1
FRY,1
FUDGE,1
FUJI,1
FUJITA,1
FURBEE,1
FURY,1
FUZZY,1
FYRNE,1
G MAN,1
G.G.,1
GABE,1
GADGET,1
GAIL,1
GALAN,1
GALAXY,1
GAMBIT,1
GANDA,1
GARY,1
GATEWAY,1
GATORR,1
GATSBY ALEXANDER,1
GAURU,1
GEDEON,1
GEMINI,1
GEMMY,1
GENEVA,1
GENEVIEVE,1
GENO,1
GEO,1
GEORGETTE,1
GEORGIE,1
GEORGIE GIRL,1
GERGIA BELLE,1
GERTY,1
GHANDI,1
GHOST EYE,1
GIANT,1
GIBSON,1
GIDGET ROSE,1
GIL,1
GILLIGAN,1
GINA,1
GINGER MIA,1
GINGIN,1
GINJAY,1
GINSBERG,1
GINZEE,1
GIOVANNI,1
GIRDY,1
GIRLY,1
GLACIER BLUE,1
GLADOS,1
GLADYZ,1
GLEN BARKLEY,1
GLIZZY,1
GLORY BEA,1
GNARLY,1
GNASH,1
GOAT,1
GOBLIN,1
GODIVA,1
GOGI,1
GOGO,1
GOHAN,1
GOKU,1
GOLFBALL,1
GONZO,1
GOOBER,1
GOOEY,1
GOON,1
GORDO,1
GORDON,1
GORGEOUS,1
GORGONZOLA,1
GORGY,1
GOROU,1
GOUDA,1
GRACIANN,1
GRACIE ANN,1
GRACIE BEAR,1
GRADY,1
GRAHAM,1
GRANITE,1
GRAVY,1
GREAT GATSBY,1
GRETA HOLLY,1
GRETA MAE,1
GRETTA,1
GREVIOUS,1
GREYCE,1
GREYSON,1
GRIFFEN,1
GRIFFEY,1
GRIM,1
GRIMM,1
GRIZ,1
GRIZLEE,1
GRIZZ,1
GRIZZY,1
GROMIT,1
GROMMET,1
GRUMBLE,1
GRYFFIN,1
GRYFFINDOR,1
GUAPO,1
GUARDIAN,1
GUARRYS,1
GUINEA,1
GUINNESS,1
GULLY,1
GUNNY,1
GUNTER,1
GUSSY,1
GUY,1
GWENIVERE,1
GWYNN,1
HAAHEO,1
HADIES,1
HADLEY,1
HAGEN,1
HAGGIS,1
HALLE,1
HALLE BERRY,1
HALLEY,1
HALLIE,1
HAMILTON,1
HAMISH,1
HAMLET,1
HAMMER,1
HAMMOND,1
HANDSOME,1
HANNA,1
HANNIBAL,1
HANS,1
HANSEL,1
HANZO,1
HARKY,1
HARLIE,1
HARMON,1
HARP,1
HARRIETT,1
HARRISON,1
HARRY POTTER,1
HARVEE,1
HARVEY JR,1
HATHOR,1
HAVA,1
HAWLEY,1
HAYDUKE,1
HAZE,1
HAZEY,1
HEALY,1
HEATHER,1
HEIDI MAY,1
HEIDIE,1
HEIRESS,1
HELENA,1
HELIOS,1
HEMISHMCDUFF,1
HENDRICKS,1
HENEY,1
HENNA,1
HENNESSY,1
HENNY-LUNA,1
HENREY,1
HERBIE,1
HEREFORD,1
HERMAN,1
HERMES,1
HIGGS,1
HIMMEL,1
HIRO,1
HITCH,1
HITO,1
HOAGEY,1
HOBBES,1
HOBBS,1
HOBIE,1
HOBO,1
HODIE,1
HOJI,1
HOKIE,1
HOKULANI,1
HOLLYWOOD,1
HONEY PUCCI,1
HONEY TUTU,1
HONEYBEAR,1
HONEYSUCKLE,1
HOODIE,1
HOOPER,1
HOOTCH,1
HOPPER,1
HOPPS,1
HOPS,1
HORCHATA,1
HORNSBY,1
HORST,1
HOTHAR,1
HOUND DOG,1
HUCKLEBERRY FINN,1
HUEHUE,1
HUNDLEY,1
HUNEE,1
HUNNY,1
HUSHE,1
HUSKER,1
HUSTLER,1
HUTCH,1
HYOJA,1
HYORI,1
HYTHY,1
ICE,1
ICEE,1
ICHIRO,1
ICIS,1
IDA,1
IGNEUS,1
IGOR,1
IKAIKA,1
ILA,1
ILANNAQ,1
ILIAMNA,1
ILLA,1
INDI,1
INDIAN,1
INDIANA,1
INFINITEY,1
INIGO,1
INKY,1
INTI,1
INU,1
IOREK,1
IRA,1
IRIE,1
IRMA,1
ISA,1
ISADORA,1
ISHTA,1
ISKUT,1
ISLA,1
ISOBEL,1
ITACHI,1
ITCHIGO,1
ITCHY BROTHE,1
IVER,1
IVY ROSE,1
IZABEL,1
IZEE,1
IZZABELLA,1
IZZI,1
J.C.,1
J.T.,1
JABBA,1
JABBER,1
JABLES,1
JACK DANIELS,1
JACK FROST,1
JACK WOOFER,1
JACKSON JR,1
JACOPO,1
JACQUES,1
JADA,1
JADEN,1
JAGO,1
JAJA,1
JAK,1
JAKU,1
JAMES,1
JAMISON,1
JANE,1
JANIE,1
JASMIN,1
JASPER JAMES,1
JAXY,1
JAYDA,1
JAYJAY,1
JAYLYN,1
JAYTEE,1
JAZZABEL,1
JAZZALYNN,1
JAZZIE,1
JAZZMIN,1
JAZZY,1
JB,1
JEAREK,1
JEB,1
JEBEDIAH,1
JEEP,1
JEFFREY,1
JEKK,1
JELLY,1
JEMMA,1
JENI,1
JERRY,1
JERSEY,1
JESPER,1
JESS,1
JESSE LEE,1
JESSI,1
JESSICA,1
JETER,1
JEWEL,1
JEWELS,1
JEZABELLE,1
JIFFY,1
JILLIAN,1
JIMMY BUCKET,1
JINGLE,1
JINKS,1
JINXIE,1
JIPUTA,1
JIROU,1
JJIN,1
J-LO,1
JOBU,1
JOCKO,1
JODI,1
JODIEE,1
JOHN,1
JOHN RODGERS,1
JOHNNY ROTTEN,1
JOLENE,1
JOLIE,1
JOLLY,1
JOLT,1
JONATHAN,1
JONES,1
JONI,1
JORDAN,1
JOSE,1
JOYFUL,1
JP,1
JUBIL,1
JUBILEE,1
JUDE,1
JUDY,1
JUENAU,1
JUGERNAUT,1
JUJU,1
JULES,1
JULIA,1
JULIET,1
JULIUS,1
JUNE BUG,1
JUNE CARTER,1
JUNE WAYMAN,1
JUNEBUG,1
JUNIE,1
JUNIPER,1
JUPITER,1
JUSTINE,1
JUSTY,1
K.C.,1
K.O.,1
KAALA,1
KACI-JADE,1
KADEE,1
KAHANA,1
KAHLESSI,1
KAHLUA 2,1
KAHN,1
KAHNTU,1
KAIALANI,1
KAIDA,1
KAIKEA,1
KAILE'A,1
KAILUA,1
KAINANI,1
KAIPO,1
KAISHA,1
KAISIE,1
KAIYA,1
KAIZER,1
KAKKO,1
KAKSI,1
KALA,1
KALIAH,1
KALINA,1
KALISTA,1
KALLI,1
KALLIE,1
KALUULA,1
KAMEA,1
KAMORA,1
KANALAAQ,1
KANANI,1
KANDOR,1
KANGAROO,1
KANO,1
KANU,1
KANUTI,1
KANYE,1
KAPPA,1
KAPPY,1
KARL,1
KARRY,1
KASHI,1
KASKE,1
KASKEA,1
KASON,1
KASPER,1
KASSEL,1
KAT,1
KATALLA,1
KATANA,1
KATI,1
KATIANNA,1
KATIE ROSE,1
KAVA,1
KAVIK,1
KAYK,1
KAYMA,1
KAZAK,1
KAZZIE,1
KC,1
KC TILLISON,1
KD,1
KE$HA,1
KEAH,1
KEELO,1
KEELONI,1
KEENA,1
KEENEYE,1
KEEPER,1
KEESHA,1
KEESTER BOB,1
KEITA,1
KEITH,1
KEKOA,1
KELSEY,1
KELTY,1
KEN,1
KENIA,1
KENLEY,1
KENNA,1
KENZIE,1
KEONA,1
KEPLER,1
KERMIT,1
KERRY,1
KERSHAW,1
KESS,1
KESUGI,1
KETEL,1
KEYARA,1
KEY'NA,1
KEYONA,1
KHALESSI,1
KHALI,1
KHALUA,1
KHATARI,1
KHERNAL,1
KHLOE,1
KHODA,1
KHOLE,1
KHUMBU,1
KIA,1
KIAORA,1
KIAYA,1
KIBA,1
KIEFER,1
KIERA REY,1
KIESHA,1
KIJIK,1
KIKIK,1
KILAH,1
KILALA,1
KILEY,1
KILLER,1
KILLUA,1
KILTER,1
KILTTI,1
KIMBER RENAE,1
KIMCHI,1
KIMIKO,1
KINDLE,1
KINEO,1
KINGSLEY,1
KINJA,1
KINLEY LOVE,1
KINO,1
KINSEY,1
KINTLA,1
KISHA,1
KISMET,1
KITTY,1
KIVA,1
KIYAH,1
KIZZIE,1
KLEIO,1
KLINK,1
KLOEE,1
KLUANE,1
KNEESA,1
KNIGHTLEY,1
KNOTTY,1
KNOX,1
KOBY,1
KODUH,1
KOGA,1
KOHL,1
KOHU,1
KOI,1
KOJO,1
KOKOMO,1
KOKONUT,1
KOKORO,1
KOLSCH,1
KOLYA,1
KONAI,1
KONDOR,1
KONO,1
KONRAD,1
KOOSKA,1
KORA,1
KOSMA,1
KOSMO,1
KOTCHA,1
KOTZEBUE,1
KOVEN,1
KOVIC,1
KOYUK,1
KOYUKUK,1
KOZMO,1
KOZMOS,1
KRASH,1
KRAZEE,1
KRISHNA,1
KRISKO,1
KRUZE,1
KRYSTAL,1
KUBEL,1
KUBLA KHAN,1
KUKLA,1
KUKO,1
KUKU,1
KUKUI,1
KULI,1
KULIK,1
KUM,1
KUNA,1
KUPAA,1
KURO,1
KURO KNIGHT,1
KUSKO,1
KUWAIH,1
KUZCO,1
KY,1
KYA,1
KYLA,1
KYLIE,1
KYMBER,1
KYMI,1
KYNA,1
KYSA,1
L. B.,1
LACE,1
LACI,1
LACY HEEDING,1
LADDY,1
LADY BELLA,1
LADY MARIE,1
LADY MOLLY,1
LADY PIPER,1
LADYDOG 2,1
LAKA,1
LAKER,1
LANCE,1
LANCER,1
LANDO,1
LANDON,1
LANEY,1
LANI,1
LAPKA,1
LAPTOP,1
LARRYSPICOLI,1
LARSEN,1
LASKA,1
LASSIE,1
LATTE,1
LAUREN,1
LAYCEE,1
LAYLEE,1
LAYLO,1
LAYNE,1
LD GUINEVERE,1
LEA,1
LEASHA,1
LEE HONG,1
LEFTY,1
LEGEND,1
LEGO,1
LEMIEUX,1
LEMMY,1
LEONARDO,1
LEONITES,1
LEOPOLD,1
LEROY,1
LEROY BROWN,1
LEULEU,1
LEVI,1
LEWIS,1
LEXE,1
LHOTSE,1
LIAM,1
LIBBY-LU,1
LICORICE,1
LIEBE,1
LIENA,1
LIEUTENANT,1
LIFE,1
LIGHTNING,1
LII,1
L'IKA,1
LIL EWOK,1
LIL JEAN,1
LIL MOMMA,1
LILA BLUEBEL,1
LILAH,1
LILI,1
LILITH,1
LILLIANNA,1
LILY MAE,1
LILY RAE,1
LILY SUE,1
LINA AYALA,1
LINDA,1
LINDSEY,1
LINQ,1
LINUS,1
LISTO,1
LIT'L BLUE,1
LITTLE BILL,1
LITTLE BUDDY,1
LITTLE BUG,1
LITTLE D,1
LITTLE DUDE,1
LITTLE GUY,1
LIVADIA,1
LIVER,1
LOAF,1
LO-KEY,1
LOLLY POP,1
LOMAX,1
LONA,1
LONDON,1
LONO,1
LOOTKA,1
LOUISE,1
LOVEE,1
LOVEY,1
LOWKEY,1
LT. BUDDY,1
LUCAS,1
LUCCA,1
LUCE,1
LUCIA,1
LUCILLE,1
LUCY 2,1
LUCY BELL,1
LUCY GOLDEN,1
LUCY LU,1
LUDO,1
LUEY,1
LUG,1
LUIGI,1
LUKKA,1
LULA,1
LULABELL,1
LULLA,1
LULU BELLE,1
LUMI,1
LUNA BEAN,1
LUNA BELLE,1
LUNA BLUE,1
LUPINE,1
LUTHIEN,1
LUTKE,1
LUXOR,1
LYCOS,1
LYKO,1
LYNX,1
LYUD,1
MAC TAVISH,1
MACARTHUR,1
MACE WINDU,1
MACEO,1
MACGUIVER,1
MACGYVER,1
MACIE,1
MACKEY,1
MADDI,1
MADDI BELLE,1
MADDIE MAE,1
MADDISON,1
MADDUX,1
MADI,1
MAE MAE,1
MAEBELL,1
MAEVE,1
MAEVIS,1
MAGGIE BEILE,1
MAGGIE MAE,1
MAGGIE MAY,1
MAGIC,1
MAGNOLIA,1
MAGNUM,1
MAGS,1
MAHEES,1
MAIA,1
MAILE,1
MAINARD,1
MAKA,1
MAKANA,1
MAKARORA,1
MAKENA,1
MAKO,1
MAKSIM MAKS,1
MAKUSHIN,1
MAL,1
MALENKO,1
MALIBU,1
MALLA,1
MALLEY,1
MALLEY LEE,1
MALO,1
MAMAS,1
MAMBA,1
MANLEY,1
MANU,1
MANUKA,1
MARA,1
MARCELL,1
MARCO,1
MARIA,1
MARIE,1
MARIO,1
MARISHKA,1
MARKER,1
MARLI,1
MARRON,1
MARSHA MELLOW,1
MARSHMALLOW,1
MARSHMELLOW,1
MARSY,1
MARTHA W.,1
MARTI,1
MARTIN,1
MARTINA,1
MARVI,1
MARY ANN,1
MAURICE,1
MAUSI,1
MAUVI,1
MAVIS JEAN,1
MAX LEE,1
MAXI,1
MAXIMILLIAN,1
MAXIMILLION,1
MAXIMUSMAX,1
MAXX,1
MAZEL,1
MAZY,1
MCCOY,1
MCGYVER,1
MEADOW,1
MEATBALL,1
MEATHEAD,1
MEATLOAF,1
MEATY,1
MECADE,1
MECHO 2,1
MEDINA,1
MEEKAH,1
MEG,1
MEGAN,1
MEHO,1
MEISHA,1
MEKA,1
MEKI,1
MEL,1
MELLA,1
MELLY,1
MELO,1
MEMPHIS,1
MERICA,1
MERLE,1
MERMENTO,1
MERRILL,1
MERRY XMAS,1
MESA,1
MESHACH,1
MIA (DULCI),1
MIA BELLA,1
MICAH,1
MICHELLE,1
MICK,1
MICKCHOI,1
MICKY,1
MIDAS,1
MIDGE,1
MIDNA,1
MIDORI,1
MIEKO,1
MIEMIE,1
MIKA PIKA,1
MIKI,1
MIKKA,1
MIKKI,1
MIL;EY,1
MILENA,1
MILKA,1
MIMMY,1
MINDI,1
MINDY,1
MING MING,1
MINGIN,1
MINI,1
MINI PEARL,1
MINJI,1
MINNOW,1
MIOME,1
MIRA,1
MISCHIEF,1
MISFIT,1
MISHAA,1
MISS LACIE JANE,1
MISS LUCY,1
MISS MOLLIE,1
MISSY MOXEY,1
MISSY SUE,1
MISTY ROSE,1
MITAH,1
MITSKY,1
MITTIE,1
MITZIE,1
MIXIM,1
MIYA,1
MIZUKI,1
MKAYLA,1
MLO,1
MOAB,1
MOBY,1
MOCA,1
MOCHI,1
MOLAKAI,1
MOLLY 2,1
MOLLY BROWN,1
MOLLY LOU,1
MOLNI,1
MONA,1
MONACO,1
MONSTER,1
MOO,1
MOO MOO,1
MOOJI,1
MOOKIE,1
MOON,1
MOONSHINE,1
MOOSHA,1
MOOSHKA,1
MORA,1
MOREMI,1
MORO,1
MORRIE,1
MORTY,1
MOSA,1
MOSBIE,1
MOSI,1
MOSIN,1
MOTCHO,1
MOTLEY,1
MOUSSE,1
MOZZIE,1
MR BIG,1
MR.,1
MR.SMALL,1
MS LILIE,1
MU XU,1
MUDGE,1
MUESLI,1
MUFASA,1
MULDER,1
MULLY,1
MUPPET,1
MURDOCH,1
MURDOCH SEAM,1
MURPHY'S LAW,1
MURRAY,1
MUSCOTO,1
MUSEY,1
MUSHU,1
MUSTANG SALLY,1
MUSTI,1
MYA DAVILA,1
MYLES,1
MYLO,1
MYRA,1
MYRNA,1
MYSTIQUE,1
NAAZ,1
NABI,1
NAGA,1
NAHKOHE,1
NAHLA,1
NAILS TOO,1
NAKI,1
NAKISKI,1
NAKITA,1
NALAH,1
NALDO,1
NAMASTE,1
NANA,1
NANCY,1
NANTAHALA,1
NAPALI,1
NAPOLEON,1
NATALYA,1
NATASHA,1
NATCHIQ,1
NATHLIE,1
NAVA,1
NAVI,1
NAYA,1
NAYLA,1
NAZ,1
NECA,1
NEEKO,1
NEESA,1
NEESHA,1
NEFFER,1
NELLI,1
NENO,1
NERO,1
NERRE,1
NESSIE,1
NESTLE,1
NETTI,1
NEVE,1
NEVILLE,1
NEVIN,1
NEWBIE,1
NIBBLER,1
NICHOLAS,1
NICKOLAS,1
NIFFLER,1
NIGEL,1
NIKA,1
NIKA MARIE,1
NIKOLAI,1
NILA,1
NILCHIK,1
NILLA VANILL,1
NIMH,1
NINA INDIANA,1
NINER,1
NISKA,1
NIXON,1
NOAH,1
NOBLE,1
NOCTA,1
NODENS,1
NOEL,1
NOELLE,1
NOLLAIG,1
NOMAR,1
NOODLE,1
NOOKAH,1
NOOSHKA,1
NORI,1
NORSE,1
NOSEGOES,1
NOSSI,1
NOVI,1
NUNATAK,1
NURI,1
NUSHKA,1
NUSYA,1
NUTMEG,1
NUYA,1
NYEA,1
NYKE,1
NYLA,1
NYSSA,1
OAKIE,1
OAXACA JOE,1
OBIWAN,1
OBI-WAN,1
OBOL,1
OCEAN,1
OCHO,1
OCTAVIOUS,1
O'DANNY BOY,1
ODELL,1
ODERUS,1
ODO,1
ODYSSEUS,1
OGGIE,1
OGUN,1
OH,1
OHTLI,1
OJITOS,1
OKEE,1
OLA,1
OLD PULTENEY,1
OLE,1
OLIVE OYL,1
OLIVERFENWAY,1
OLLI,1
OLLY,1
OLSEN,1
O'LUCKY,1
OLYMPUS,1
OMA,1
O'MALLEY,1
OMAR,1
OOKA,1
OOLJEE,1
OONA,1
OOSHKA,1
OPTIMUS,1
OPUS,1
ORKA,1
ORLY,1
ORPHIE,1
ORRE,1
ORSO NERO,1
ORSON,1
ORVIS,1
ORZO,1
OSA,1
OSHA,1
OSHIE,1
OSLO,1
OSO SPUNKY,1
OTI,1
OTTIE,1
OTTIS,1
OTTO GEIST,1
OXYLUS,1
PABLO,1
PACHA,1
PADAMAE,1
PADDINGTON,1
PAGE,1
PALEY,1
PALIN,1
PALO,1
PALOOPA,1
PANCH,1
PANCHO,1
PANDORA,1
PANINI,1
PANTHER LILY,1
PANZER,1
PATERSON,1
PATIENCE,1
PATSY,1
PATTI,1
PAXON,1
PAYASO,1
PEA,1
PEABODY,1
PEACHES ANNE,1
PEAK,1
PEANUTBUTTER,1
PEARL SHEMYA,1
PEASLEY,1
PEAT,1
PEEBODY,1
PEEKABOO,1
PEEKAY,1
PEGGY,1
PEGGY SUE,1
PELLE,1
PELLY,1
PENNIE,1
PENNY LANE,1
PENNY ROSE,1
PENNYWOLF,1
PEPA,1
PEPE,1
PEPE LE PEAU,1
PEPPER ANN,1
PEPPERMINT,1
PEPPERMINT PATTY,1
PEPSI,1
PEPSI K-OZ,1
PER,1
PERDITA,1
PERU,1
PESKY,1
PESO,1
PESTO,1
PETA,1
PETEE,1
PETER PAN,1
PETIE,1
PETRA,1
PEYSA,1
PEYTON,1
PHIL,1
PHILLIP,1
PHILLY,1
PHINNEAS,1
PHOTON,1
PHYLLIS DILLER,1
PI,1
PICARD,1
PICCOLA,1
PICO,1
PIERRE,1
PIGEON,1
PIGGLES,1
PIGLET,1
PIKACHU,1
PILAR,1
PIMENTO,1
PINKIE,1
PINKIE PIE,1
PINT,1
PIPPA,1
PIPPIN,1
PISTOL,1
PISTOL PETE,1
PJ,1
PLACER,1
PLATO,1
PLAYA,1
PLAYER,1
PLINY,1
PLUTO,1
POCCA,1
POCHI,1
POCKET,1
POCO,1
PODNCK,1
POE,1
POKEY,1
POKITZ,1
POKY,1
POLA,1
POLAR EXPRES,1
POLDI,1
POLU,1
PONG PONG,1
PONGO,1
PONYO,1
POOCHIE,1
POO-CHIE,1
POOKAH,1
POOPIE,1
POOPY,1
POPO,1
POPPY JO,1
PORK CHOP,1
PORKCHOP,1
PORSCHA,1
PORTHOS,1
POSEIDAN,1
POTTER,1
POWND,1
POYKA,1
PRANCER,1
PRESTO,1
PRIM ROSE,1
PRIMROSE,1
PRIN. KAMIRA,1
PRINCE FREDR,1
PRINCESS LEA,1
PRINCESS ROSEBUD,1
PRINCETON,1
PRISSY,1
PRO.FINBAR,1
PSYCH,1
PUA,1
PUAKO,1
PUCKER BUTT,1
PUDDLE,1
PUERQUITO,1
PUFF,1
PUFFIN,1
PUGSLEY,1
PUGSY,1
PUK PUY,1
PUKU,1
PUMA,1
PUNK,1
PUNKY,1
PUNZI,1
PUPPY,1
PURDY,1
PURPLE RAIN,1
PUZZLES,1
PY,1
Q,1
QI,1
QIVLIQ,1
QUARTZ,1
QUEENY,1
QUESSI,1
QUEST,1
QUIANA,1
QUIGLEY,1
QUILL,1
QUINCY,1
QUOYLE,1
RACHEL,1
RAEDO,1
RAGGS,1
RAIN,1
RAINA,1
RAINE,1
RAINFLY,1
RAINY,1
RAIVO,1
RAJ,1
RALLY,1
RAMON,1
RAMONA,1
RAMPAGE,1
RAMSEY,1
RAND PAUL,1
RANDALL,1
RANDY,1
RANGITIKEI,1
RANSOM,1
RASTA,1
RAT DOG,1
RATCHET,1
RATON,1
RAWLEY,1
RAYANN,1
RAYNIE MAE,1
RAZ,1
RAZA,1
RAZEE,1
RAZZLE,1
REAHA,1
RECOIL,1
RECON,1
RED BULL,1
RED DOG,1
REEF,1
REESES,1
REGINALD,1
REIDELL,1
REIGN,1
REIKER,1
REILEY,1
REKA,1
RELOAD,1
REMEY,1
RENA,1
RENI,1
RENNY,1
REPTAR,1
REVOLVER,1
REXI,1
REYES,1
REYNA,1
RHAEGAL,1
RHAEGER,1
RHAETIA,1
RHEA,1
RHEE,1
RHODIE,1
RHU,1
RIBBON,1
RICHTER,1
RICK JAMES,1
RICKI,1
RICOO,1
RIDDLE,1
RIDLEY,1
RIFLE,1
RIGGINS,1
RIGGS,1
RIGLEY,1
RIKKEY,1
RIKU,1
RILEE,1
RILEY HOOD,1
RILEY TWO,1
RILIAN,1
RINCON,1
RINGO STAR,1
RIP,1
RIPLEY 2,1
RIPPER,1
RIPPLE,1
RIPTIDE,1
RISKY,1
RISU,1
RITA,1
RIVERS,1
RIVET,1
RIZZLE,1
RIZZO,1
RJ SHILO,1
ROANOKE,1
ROARK,1
ROBBIE JR,1
ROBBY,1
ROBIN,1
ROBIN HOOD,1
ROBY,1
ROCKETT,1
ROCKIE,1
ROCKS,1
ROCKSIE,1
ROCKWELL,1
ROCKY BLUE,1
ROCKY ROAD,1
RODDY,1
RODEY,1
RODRIGO,1
ROIE,1
ROISIN,1
ROKY,1
ROLAND,1
ROLEX,1
ROLLO,1
ROMA,1
ROMAC,1
ROMANY BROWN,1
ROMO,1
RON,1
RONDO,1
RONDY,1
RONEN,1
RONI,1
ROO!,1
ROONEY,1
RORI,1
ROSA,1
ROSALINE,1
ROSEBUD,1
ROSEE,1
ROSETTA,1
ROSIE DEE,1
ROSS,1
ROUGE,1
ROULETTE,1
ROUSEY MAY,1
ROWDEY,1
ROWZER,1
ROXII,1
ROXXY,1
ROYAL,1
ROZSA,1
RUBBLE,1
RUBEN,1
RUBERT,1
RUBIO,1
RUCA,1
RUCKEE,1
RUDDER,1
RUDOLPH,1
RUE,1
RUFFALO,1
RUGGLES,1
RUHIG,1
RUKA,1
RULA,1
RUMBLE,1
RUSSEL,1
RUSTLER,1
RUTHIE,1
RYLEE,1
S,1
S KIE,1
SABAKA,1
SABER,1
SABINE,1
SABRINA,1
SABUR,1
SACHI,1
SADIE GIRL,1
SADIE MAE,1
SAFFRON,1
SAIDAH,1
SAIGE,1
SAILISH,1
SAINT ELIAS,1
SAKA,1
SAKA MOTO,1
SAKARI ESKA,1
SAKE,1
SAKI,1
SAKO,1
SAKURA,1
SALA,1
SALEM,1
SALTY,1
SAMARA,1
SAMBA,1
SAMBO,1
SAMMI JO,1
SAMUEL,1
SAMURAI,1
SANCHO,1
SANDIE,1
SANDY PALMER,1
SANTIAGO,1
SANTINO,1
SANZ,1
SAPPER,1
SAPPHIRE,1
SARAFINA,1
SARGENT,1
SAROO,1
SASCHA,1
SASKIA,1
SATCHEL,1
SATIVA,1
SATO,1
SAVAGE,1
SAWYER,1
SAYA,1
SAYDEE,1
SCAMPY,1
SCARFACE,1
SCHATZI,1
SCHATZY,1
SCHOONER,1
SCHROEDER,1
SCHULER,1
SCHWARZ,1
SCRAPS,1
SCRATCH,1
SCREWBALL,1
SCRUGGS,1
SEABRO,1
SEAMORE,1
SEDONA PIP,1
SEELEY,1
SENETORI,1
SERVET,1
SESOLIK,1
SEVERAS,1
SHABLU,1
SHACK,1
SHAG,1
SHAGGY,1
SHAHARA,1
SHAI,1
SHAKIE,1
SHANA,1
SHANNON,1
SHANOOK,1
SHARKEY,1
SHARPIE,1
SHASHA,1
SHAWN,1
SHAWNI,1
SHAY,1
SHEA,1
SHEBAH BEAR,1
SHEEBAH,1
SHEENA,1
SHEEP,1
SHEIA,1
SHEILA,1
SHELL,1
SHELLY,1
SHEP,1
SHERLOCK,1
SHERPA,1
SHIBA,1
SHINE,1
SHINOOK,1
SHIPPO,1
SHIRA,1
SHIRLEY FEENIE,1
SHOESHINE,1
SHOKAN,1
SHOOTER,1
SHORTI,1
SHOSHANA,1
SHUFTI,1
SHYLA,1
SHYLO,1
SHYTIA,1
SIG,1
SIGNE,1
SIKU,1
SILAS,1
SILKIE,1
SILVER,1
SILVER BELLE,1
SILVIE,1
SIMCOE,1
SIMKA,1
SIN TU,1
SINA,1
SINEW,1
SINJIN,1
SIR,1
SIR FRANCIS,1
SIR LOIN TIP,1
SIR RONSON,1
SIRI,1
SISCO,1
SISSY,1
SITA,1
SITKA ROSE,1
SKA-DOO,1
SKADTHI,1
SKAGIT,1
SKEEZ,1
SKEEZIX,1
SKI,1
SKIMO,1
SKIP,1
SKIPPER LEE,1
SKODA,1
SKOOKUM,1
SKOTITO FRISKITO,1
SLAPPY,1
SLATER,1
SLEEPY,1
SLINKY,1
SLOOPY,1
SLUICE,1
SMASH,1
SMIKE,1
SMOKIN JOE,1
SMOKY,1
SMOOTH,1
SMUDGE,1
SNEW,1
SNIPE,1
SNIPER RIFLE,1
SNORT,1
SNOW BALL,1
SNOWEE,1
SNOWFLAKE,1
SNOWFLY,1
SNUFFY,1
SNUGGLES,1
SOCHI,1
SOCKS,1
SOFIA,1
SOFIE,1
SOHPIE,1
SOLAR,1
SOLDIER,1
SOLI,1
SONIC,1
SONJA,1
SONNE,1
SONNIE,1
SONOMA,1
SONYA,1
SORA,1
SOUJI,1
SOUNDER,1
SPANKY,1
SPARK PUG,1
SPARKLE,1
SPARKLE GIRL,1
SPARKLES,1
SPARKS,1
SPARLEY,1
SPARROW,1
SPARTICUS,1
SPAZ,1
SPEC,1
SPECK,1
SPECKLES,1
SPEEDY,1
SPIDER MAN,1
SPIKES,1
SPITFIRE,1
SPOOK,1
SPOTAN,1
SPREE,1
SPRING,1
SPRINGZ,1
SPRITZEN,1
SPRUCE,1
SPUDD,1
SPUDS,1
SQUALL,1
SQUARE,1
SQUEEK,1
ST. AUGUSTINE,1
STACHE,1
STALEY BEAR,1
STAMPIE,1
STARK,1
STARSHINE,1
STEEL,1
STEIN,1
STELLA.LUNA,1
STORMER,1
STORMIE,1
STOUT,1
STOUT-LEE,1
STRETCH,1
STRIKER,1
STRYDER,1
STRYKER,1
STUART LITTLE,1
STUBBS,1
STUNNER,1
SUBIE,1
SUE SUE,1
SUE-SUE,1
SUGAR JOE,1
SUGAR RAY,1
SULLI,1
SULLIVAN,1
SULU,1
SUMITT,1
SUMMER THYME,1
SUNDANCE,1
SUNNIE GRACE,1
SURRI,1
SUZIE,1
SUZY LOU,1
SUZY Q,1
SWEENEY,1
SWEETHEART,1
SWEETIE PIE,1
SWEETY,1
SWETTIE,1
SWIPER,1
SWISS,1
SWIVEL,1
SWIVEL SHOT,1
SYDNEY MARIE,1
SYLAR,1
SYLVIE,1
SYNCH,1
SYRAH,1
T. C.,1
T.REXI,1
TACKLA,1
TAESHIA,1
TAITTI,1
TAJ,1
TAKA,1
TAKU DENALI,1
TALACHULITNA,1
TALIA,1
TALIN,1
TALLUAH,1
TAMI,1
TANA,1
TANAINA,1
TANANDO,1
TANGIE,1
TANKY,1
TANNA,1
TANNY,1
TANZA,1
TAPPER,1
TARA,1
TARGA,1
TARGET,1
TARK,1
TARKUS,1
TASHA-BELLE,1
TATER TOTT,1
TATIA,1
TATIANA,1
TATIYANNA,1
TAVISH,1
TAWNY,1
TAZI,1
TAZO,1
TAZZ,1
TAZZEE,1
TAZZIE,1
TBONE,1
T-DAWG,1
TEACUP,1
TEAGAN,1
TEAL,1
TECKLA,1
TEDDI,1
TEDDY BEAR,1
TEDDY RUXPIN,1
TEETE,1
TEGAN,1
TEINE,1
TEK,1
TEKO,1
TEKONA,1
TELLY,1
TENAKEE,1
TENNESSEE,1
TERRA,1
TERRA BELLA,1
TETSUO,1
TEVA,1
TEZI,1
THANOS,1
THE DUDE,1
THEADORA,1
THENOS,1
THEOFREEDOM,1
THOMAS,1
THORA,1
THORYN,1
TIANA,1
TIBERIUS,1
TIBET,1
TICANI,1
TIDBIT,1
TIERRIA,1
TIGEY,1
TIGGY,1
TIKAANI RIVER,1
TIKANI PEARL,1
TIKKI,1
TILA,1
TILLAMOOK,1
TILT,1
TIMBA,1
TIMBRE,1
TIMMY,1
TIMOTHY,1
TINGNOI,1
TINGTING,1
TINKA,1
TINKER BELL,1
TINKER BELLE,1
TINKERBELLA,1
TINO,1
TINY,1
TIP,1
TIPPER,1
TIPPY,1
TISHKA,1
TITO BUTZKE,1
TK,1
TOAST,1
TOASTY,1
TOBIN,1
TOBO JET,1
TOD,1
TOJI,1
TOKI,1
TOKLAT,1
TOLI,1
TOLMIN,1
TOMODASHI II,1
TONTO,1
TOO TOO,1
TOOT,1
TOOTSIE,1
TOPO,1
TOPPER,1
TORO,1
TORPEDO,1
TOSHI,1
TOVIA,1
TOWELIE,1
TOWZER,1
TOYA,1
TRACY,1
TRANGO,1
TRAVELER,1
TRAX,1
TRE,1
TREX,1
TREY,1
TRICKIE,1
TRICKSIE,1
TRIP,1
TRISCUIT,1
TROUPER,1
TROUT,1
TRUCK,1
TRUE,1
TRUFFLES,1
TRUMP,1
TRYGG,1
TRYP,1
TSUGA,1
TUBBY,1
TUBS,1
TUGARUS,1
TUGG,1
TUK,1
TUKO,1
TULLA,1
TUMI,1
TUNA,1
TUPE,1
TUPIN,1
TURKEY,1
TURKISH,1
TURTLE,1
TUSKER,1
TUTSI,1
TUXEDO,1
TUYUK,1
TWIGGY,1
TWILIGHT,1
TWINK,1
TWINKY,1
TWISTER,1
TWITTER,1
TY,1
TYCHO,1
UGLY,1
ULBRECHT,1
ULLA,1
ULLAR,1
ULLER,1
UMA,1
UMBRO,1
URSUS,1
USZKA,1
VALENTINO,1
VALERIE,1
VALLEY,1
VALOR,1
VAN,1
VAUGHN,1
VELLA MARIE,1
VELMA,1
VENN,1
VENNY,1
VENTA GUMS,1
VENTI,1
VENUS,1
VERDE,1
VERN,1
VERONA,1
VESPA,1
VESPER,1
VIA,1
VICTORIA,1
VIDA LOCA,1
VIENNA,1
VIGO,1
VIKING,1
VINCENT,1
VINCENZO,1
VITO,1
VIVIAN,1
VJ,1
VLADIMIR,1
VOLTA,1
VOODOO,1
WABB,1
WAFFLES,1
WALDO,1
WALDO V,1
WALLE,1
WALLEY,1
WALNUT,1
WARD,1
WARLOPCK,1
WARREN,1
WAYLON,1
WEASEL,1
WEATHERBY,1
WEBLEY,1
WEENIE,1
WELBY,1
WELLER,1
WELLINGTON,1
WENDELL,1
WENSLEY,1
WEST,1
WESTWOOD,1
WHEEZY,1
WHIMSY,1
WHINNIE,1
WHIRRLEY,1
WHISKEY GIRL,1
WHITNEY,1
WIGGLES,1
WILBERT,1
WILBUR,1
WILE E,1
WILEY COYOTE,1
WILHELMINA,1
WILL,1
WILLIAM,1
WILLIS,1
WILLIWAW,1
WILLOUGHBY,1
WILLOW GRACE,1
WILLOW KAYA,1
WILLS,1
WILMA,1
WIMBLY,1
WINNIE POOH,1
WINNIFRED,1
WINSTON II,1
WINTER,1
WOLFE,1
WOLFIE,1
WONDER,1
WOODY,1
WOOKIE,1
WOOKIEE,1
WOOTIE,1
WOPPER,1
WRANGLER,1
WRINKLES,1
WULA,1
WYNN,1
X,1
XAADAS,1
XAN,1
XANADY,1
XERXES,1
XINA,1
XUN,1
XYLA,1
YAGER,1
YALLA,1
YARA,1
YARROW,1
YAYO,1
YENTRA,1
YIPPEE,1
YKSI,1
YOBO,1
YOLA,1
YOLI,1
YONAH,1
YUGI,1
YUM YUM,1
YUMA,1
YUMI,1
YUUKO,1
YZMA,1
ZADER,1
ZADIE,1
ZAHA,1
ZAIRE,1
ZAMBI,1
ZAMBO,1
ZANDER,1
ZANE,1
ZAYCA,1
ZAZEE,1
ZEB,1
ZEEK,1
ZEEKE,1
ZEEVAH,1
ZEISHA,1
ZEN,1
ZEPHER,1
ZEURY,1
ZEYA,1
ZIESA,1
ZIGGS,1
ZILI,1
ZILKER,1
ZIMA,1
ZION,1
ZIP,1
ZIPPY KITTY,1
ZIVA RANAE,1
ZOEY DAISY,1
ZOEY MARIE,1
ZONA,1
ZOOIE,1
ZORBA,1
ZORRA,1
ZOTTER,1
ZSA ZSA,1
ZUILA,1
ZUNI,1
ZURI,1
